air03,+3.38864250000000e+05,+3.38864250000000e+05,minimize
bell3a,+8.62578643491648e+05,+8.73792058577778e+05,minimize
bell5,+8.60841794650803e+06,+8.68096580430789e+06,minimize
blend2,+6.91567511400909e+00,+6.94457548156120e+00,minimize
dcmulti,+1.83975539693175e+05,+1.87350701291577e+05,minimize
egout,+1.49588766220096e+02,+5.63670088425168e+02,minimize
enigma,+0.00000000000000e+00,+0.00000000000000e+00,minimize
flugpl,+1.16718572559232e+06,+1.17274202541386e+06,minimize
gen,+1.12130040663861e+05,-,minimize
gt2,+1.34602330744119e+04,+2.11660000000000e+04,minimize
khb05250,+9.59194640000000e+07,+1.06608370470619e+08,minimize
l152lav,+4.65636363636364e+03,+4.66838790035587e+03,minimize
lseu,+8.34682352941176e+02,+1.10236842105263e+03,minimize
misc03,+1.91000000000000e+03,+2.24953073420403e+03,minimize
misc06,+1.28416893922842e+04,+1.28467258884579e+04,minimize
misc07,+1.41500000000000e+03,+1.48500000000000e+03,minimize
mod008,+2.90931072714969e+02,+3.02280697388698e+02,minimize
mod010,+6.53208333333333e+03,+6.53800000000000e+03,minimize
p0033,+2.52057173913043e+03,+3.01750000000000e+03,minimize
p0201,+6.87500000000000e+03,+7.37278860907845e+03,minimize
p0282,+1.76867503349113e+05,+2.58029887248575e+05,minimize
rgn,+4.87999985600000e+01,+8.21999992400000e+01,minimize
stein27,+1.30000000000000e+01,+1.30000000000000e+01,minimize
stein45,+2.20000000000000e+01,+2.20000000000000e+01,minimize
markshare_4_0,+0.00000000000000e+00,+0.00000000000000e+00,minimize
markshare2,+0.00000000000000e+00,+0.00000000000000e+00,minimize
enlight_hard,+0.00000000000000e+00,-,minimize
pk1,+0.00000000000000e+00,+0.00000000000000e+00,minimize
neos5,+1.30000000000000e+01,+1.34510867276043e+01,minimize
gen-ip054,+6.76520904259341e+03,+6.76717001955921e+03,minimize
timtab1,+2.86940000000000e+04,+4.39909440789176e+05,minimize
neos-3046615-murg,+1.92000000000000e+02,+3.16789722049356e+02,minimize
sp150x300d,+4.89111183994752e+00,+6.72465515722140e+01,minimize
mas76,+3.88939036405227e+04,+3.90596063682829e+04,minimize
mas74,+1.04827952803312e+04,+1.05949908839484e+04,minimize
gen-ip002,-4.84054196130089e+03,-4.83737707576533e+03,minimize
neos-3754480-nidda,-1.21692327010440e+06,-1.21692327010440e+06,minimize
neos-2657525-crna,+0.00000000000000e+00,+0.00000000000000e+00,minimize
assign1-5-8,+1.83362554973822e+02,+1.85957321333893e+02,minimize
glass4,+8.00002400000000e+08,+8.00003810952685e+08,minimize
supportcase26,+1.28810216113570e+03,+1.38572610814558e+03,minimize
neos-911970,+2.32600000000000e+01,+5.18009813384813e+01,minimize
mad,+0.00000000000000e+00,+0.00000000000000e+00,minimize
graphdraw-domain,+1.26720000000000e+04,+1.28804939130435e+04,minimize
exp-1-500-5-5,+2.84270484045522e+04,+6.23175589664217e+04,minimize
tr12-30,+1.42104265210326e+04,+1.30117203341658e+05,minimize
neos-3381206-awhea,+4.15240000000000e+02,+4.51964285714286e+02,minimize
ic97_potential,+3.86800000000000e+03,+3.90748592308159e+03,minimize
neos-3627168-kasai,+9.45808095555556e+05,+9.61044745429070e+05,minimize
binkar10_1,+6.63718802694375e+03,+6.71035199392328e+03,minimize
csched008,+1.71000000000000e+02,+1.71000000000000e+02,minimize
csched007,+2.69251587301587e+02,+2.94928592600986e+02,minimize
beasleyC3,+4.04268292682927e+01,+5.72359509508680e+02,minimize
p200x1188c,+5.67860708860759e+03,+1.26900277833751e+04,minimize
